,state,year,Population,W,B,N,A,O,H
0,Alabama,2015,0.101,0.088,0.122,0.125,0.104,0.7370000000000001,0.302
1,Alaska,2015,0.149,0.105,0.103,0.305,0.165,0.311,0.158
2,Arizona,2015,0.108,0.096,0.09,0.233,0.072,0.279,0.185
3,Arkansas,2015,0.095,0.088,0.102,0.156,0.091,0.486,0.261
4,California,2015,0.086,0.08,0.063,0.137,0.059,0.221,0.141
5,Colorado,2015,0.081,0.075,0.066,0.166,0.078,0.28300000000000003,0.17
6,Connecticut,2015,0.06,0.045,0.089,0.115,0.077,0.209,0.151
7,Delaware,2015,0.059,0.056,0.06,0.219,0.037,0.182,0.167
8,District of Columbia,2015,0.038,0.023,0.035,0.0,0.015,0.198,0.124
9,Florida,2015,0.133,0.123,0.162,0.212,0.122,0.392,0.204
10,Georgia,2015,0.139,0.123,0.146,0.265,0.121,0.401,0.344
11,Hawaii,2015,0.04,0.046,0.038,0.072,0.034,0.112,0.053
12,Idaho,2015,0.11,0.104,0.112,0.292,0.054,0.269,0.244
13,Illinois,2015,0.071,0.057,0.081,0.11,0.072,0.487,0.175
14,Indiana,2015,0.096,0.09,0.116,0.147,0.1,0.266,0.238
15,Iowa,2015,0.05,0.043,0.122,0.112,0.094,0.558,0.18
16,Kansas,2015,0.091,0.081,0.139,0.196,0.108,0.297,0.24
17,Kentucky,2015,0.06,0.056,0.058,0.129,0.119,0.364,0.235
18,Louisiana,2015,0.119,0.103,0.145,0.199,0.135,0.284,0.265
19,Maine,2015,0.084,0.081,0.114,0.183,0.107,0.0,0.154
20,Maryland,2015,0.066,0.046,0.068,0.105,0.076,0.385,0.236
21,Massachusetts,2015,0.028,0.024,0.046,0.058,0.036,0.067,0.053
22,Michigan,2015,0.061,0.056,0.076,0.103,0.072,0.30000000000000004,0.134
23,Minnesota,2015,0.045,0.036,0.072,0.159,0.065,0.372,0.205
24,Mississippi,2015,0.127,0.116,0.136,0.24,0.145,0.459,0.376
25,Missouri,2015,0.098,0.091,0.13,0.135,0.11,0.51,0.222
26,Montana,2015,0.116,0.097,0.174,0.362,0.034,0.268,0.172
27,Nebraska,2015,0.082,0.076,0.143,0.246,0.054,0.199,0.226
28,Nevada,2015,0.123,0.112,0.11,0.184,0.102,0.34099999999999997,0.228
29,New Hampshire,2015,0.063,0.061,0.134,0.0,0.084,0.097,0.132
30,New Jersey,2015,0.087,0.069,0.099,0.131,0.092,0.444,0.202
31,New Mexico,2015,0.109,0.091,0.074,0.218,0.087,0.156,0.125
32,New York,2015,0.071,0.052,0.078,0.116,0.091,0.319,0.139
33,North Carolina,2015,0.112,0.1,0.116,0.176,0.1,0.368,0.328
34,North Dakota,2015,0.078,0.06,0.158,0.285,0.166,0.341,0.157
35,Ohio,2015,0.065,0.061,0.083,0.145,0.079,0.188,0.157
36,Oklahoma,2015,0.139,0.113,0.168,0.277,0.118,0.559,0.276
37,Oregon,2015,0.07,0.065,0.064,0.125,0.068,0.332,0.165
38,Pennsylvania,2015,0.064,0.056,0.095,0.13,0.08,0.249,0.141
39,Rhode Island,2015,0.057,0.043,0.096,0.0,0.048,0.203,0.145
40,South Carolina,2015,0.109,0.1,0.116,0.151,0.125,0.729,0.318
41,South Dakota,2015,0.102,0.067,0.169,0.342,0.177,0.511,0.26
42,Tennessee,2015,0.103,0.093,0.123,0.142,0.111,0.389,0.333
43,Texas,2015,0.171,0.169,0.149,0.206,0.115,0.45899999999999996,0.273
44,Utah,2015,0.105,0.087,0.134,0.36,0.141,0.553,0.268
45,Vermont,2015,0.038,0.038,0.0,0.086,0.048,0.0,0.057
46,Virginia,2015,0.091,0.079,0.11,0.157,0.095,0.34299999999999997,0.23
47,Washington,2015,0.066,0.058,0.073,0.161,0.055,0.32599999999999996,0.185
48,West Virginia,2015,0.06,0.059,0.094,0.0,0.068,0.0,0.061
49,Wisconsin,2015,0.057,0.049,0.086,0.167,0.069,0.329,0.182
50,Wyoming,2015,0.115,0.109,0.057,0.322,0.0,0.219,0.231
51,Puerto Rico,2015,0.057,0.051,0.069,0.166,0.154,0.071,0.056
52,Alabama,2016,0.091,0.079,0.109,0.162,0.101,0.316,0.281
53,Alaska,2016,0.14,0.094,0.098,0.292,0.188,0.29200000000000004,0.16
54,Arizona,2016,0.1,0.084,0.083,0.209,0.072,0.34199999999999997,0.171
55,Arkansas,2016,0.079,0.071,0.067,0.167,0.086,0.5429999999999999,0.239
56,California,2016,0.073,0.066,0.056,0.112,0.048,0.21299999999999997,0.121
57,Colorado,2016,0.075,0.069,0.056,0.149,0.056,0.338,0.168
58,Connecticut,2016,0.049,0.04,0.059,0.129,0.063,0.159,0.123
59,Delaware,2016,0.057,0.05,0.063,0.087,0.043,0.195,0.157
60,District of Columbia,2016,0.039,0.019,0.043,0.0,0.027,0.167,0.111
61,Florida,2016,0.125,0.117,0.143,0.228,0.12,0.38,0.194
62,Georgia,2016,0.129,0.118,0.131,0.305,0.114,0.489,0.325
63,Hawaii,2016,0.035,0.041,0.073,0.0,0.03,0.166,0.048
64,Idaho,2016,0.101,0.095,0.0,0.195,0.117,0.211,0.224
65,Illinois,2016,0.065,0.052,0.07,0.136,0.066,0.28600000000000003,0.155
66,Indiana,2016,0.081,0.077,0.088,0.101,0.08,0.331,0.198
67,Iowa,2016,0.043,0.037,0.084,0.065,0.055,0.291,0.151
68,Kansas,2016,0.087,0.077,0.143,0.177,0.097,0.249,0.205
69,Kentucky,2016,0.051,0.048,0.059,0.049,0.08,0.304,0.209
70,Louisiana,2016,0.103,0.089,0.112,0.169,0.122,0.427,0.304
71,Maine,2016,0.08,0.079,0.15,0.182,0.047,0.215,0.167
72,Maryland,2016,0.061,0.049,0.059,0.071,0.053,0.29,0.22
73,Massachusetts,2016,0.025,0.021,0.038,0.077,0.028,0.118,0.054
74,Michigan,2016,0.054,0.049,0.066,0.119,0.057,0.312,0.128
75,Minnesota,2016,0.041,0.032,0.072,0.167,0.035,0.32799999999999996,0.176
76,Mississippi,2016,0.118,0.103,0.135,0.273,0.104,0.302,0.258
77,Missouri,2016,0.089,0.083,0.114,0.134,0.093,0.494,0.209
78,Montana,2016,0.081,0.068,0.109,0.246,0.104,0.153,0.132
79,Nebraska,2016,0.086,0.075,0.147,0.27,0.09,0.303,0.24
80,Nevada,2016,0.114,0.105,0.089,0.144,0.078,0.359,0.215
81,New Hampshire,2016,0.059,0.058,0.106,0.0,0.085,0.019,0.11
82,New Jersey,2016,0.08,0.065,0.086,0.175,0.077,0.239,0.197
83,New Mexico,2016,0.092,0.075,0.067,0.207,0.044,0.124,0.108
84,New York,2016,0.061,0.045,0.068,0.103,0.08,0.269,0.118
85,North Carolina,2016,0.104,0.092,0.109,0.182,0.095,0.346,0.296
86,North Dakota,2016,0.07,0.053,0.279,0.234,0.058,0.203,0.179
87,Ohio,2016,0.056,0.053,0.071,0.106,0.061,0.179,0.143
88,Oklahoma,2016,0.138,0.111,0.153,0.274,0.127,0.626,0.269
89,Oregon,2016,0.062,0.058,0.067,0.144,0.056,0.267,0.151
90,Pennsylvania,2016,0.056,0.051,0.072,0.111,0.072,0.268,0.137
91,Rhode Island,2016,0.043,0.032,0.076,0.193,0.039,0.149,0.104
92,South Carolina,2016,0.1,0.092,0.106,0.131,0.112,0.348,0.296
93,South Dakota,2016,0.087,0.062,0.165,0.301,0.068,0.308,0.199
94,Tennessee,2016,0.09,0.084,0.102,0.2,0.106,0.465,0.305
95,Texas,2016,0.166,0.164,0.138,0.206,0.112,0.439,0.263
96,Utah,2016,0.088,0.072,0.083,0.219,0.084,0.46399999999999997,0.231
97,Vermont,2016,0.037,0.036,0.08,0.039,0.049,0.0,0.055
98,Virginia,2016,0.087,0.074,0.099,0.084,0.083,0.39099999999999996,0.252
99,Washington,2016,0.06,0.048,0.065,0.157,0.05,0.34299999999999997,0.165
100,West Virginia,2016,0.053,0.052,0.074,0.07,0.068,0.177,0.118
101,Wisconsin,2016,0.053,0.045,0.075,0.15,0.068,0.219,0.165
102,Wyoming,2016,0.115,0.109,0.0,0.416,0.036,0.208,0.196
103,Puerto Rico,2016,0.062,0.056,0.076,0.057,0.148,0.07,0.061
104,Alabama,2017,0.094,0.082,0.108,0.129,0.129,0.339,0.265
105,Alaska,2017,0.137,0.097,0.122,0.27,0.17,0.216,0.134
106,Arizona,2017,0.101,0.09,0.087,0.208,0.057,0.317,0.163
107,Arkansas,2017,0.079,0.069,0.075,0.162,0.107,0.536,0.22
108,California,2017,0.072,0.065,0.057,0.111,0.047,0.193,0.116
109,Colorado,2017,0.075,0.071,0.073,0.149,0.06,0.195,0.148
110,Connecticut,2017,0.055,0.044,0.074,0.099,0.052,0.176,0.136
111,Delaware,2017,0.054,0.053,0.047,0.1,0.071,0.137,0.183
112,District of Columbia,2017,0.038,0.023,0.036,0.0,0.061,0.144,0.099
113,Florida,2017,0.129,0.121,0.153,0.25,0.108,0.41100000000000003,0.193
114,Georgia,2017,0.134,0.119,0.136,0.348,0.135,0.414,0.33
115,Hawaii,2017,0.038,0.044,0.014,0.093,0.033,0.12,0.045
116,Idaho,2017,0.101,0.092,0.116,0.23,0.129,0.266,0.21
117,Illinois,2017,0.068,0.055,0.073,0.117,0.064,0.295,0.161
118,Indiana,2017,0.082,0.076,0.106,0.162,0.066,0.23,0.205
119,Iowa,2017,0.047,0.042,0.072,0.128,0.089,0.409,0.139
120,Kansas,2017,0.087,0.077,0.126,0.18,0.09,0.305,0.204
121,Kentucky,2017,0.054,0.049,0.067,0.067,0.113,0.681,0.199
122,Louisiana,2017,0.084,0.073,0.086,0.153,0.109,0.378,0.281
123,Maine,2017,0.081,0.08,0.094,0.16,0.142,0.0,0.117
124,Maryland,2017,0.061,0.043,0.06,0.082,0.057,0.293,0.22
125,Massachusetts,2017,0.028,0.023,0.048,0.025,0.036,0.075,0.055
126,Michigan,2017,0.052,0.048,0.065,0.099,0.049,0.353,0.111
127,Minnesota,2017,0.044,0.035,0.064,0.17,0.041,0.44,0.173
128,Mississippi,2017,0.12,0.105,0.137,0.242,0.175,0.367,0.296
129,Missouri,2017,0.091,0.082,0.131,0.158,0.111,0.654,0.189
130,Montana,2017,0.085,0.07,0.215,0.272,0.112,0.197,0.086
131,Nebraska,2017,0.083,0.074,0.132,0.211,0.084,0.289,0.225
132,Nevada,2017,0.112,0.098,0.099,0.184,0.092,0.315,0.195
133,New Hampshire,2017,0.058,0.055,0.117,0.324,0.115,0.0,0.12
134,New Jersey,2017,0.077,0.064,0.091,0.116,0.064,0.345,0.185
135,New Mexico,2017,0.091,0.075,0.022,0.201,0.035,0.145,0.105
136,New York,2017,0.057,0.042,0.062,0.094,0.07,0.20900000000000002,0.11
137,North Carolina,2017,0.107,0.096,0.11,0.174,0.087,0.528,0.303
138,North Dakota,2017,0.075,0.055,0.148,0.282,0.118,0.334,0.161
139,Ohio,2017,0.06,0.056,0.075,0.057,0.05,0.355,0.144
140,Oklahoma,2017,0.142,0.117,0.139,0.287,0.126,0.582,0.247
141,Oregon,2017,0.068,0.065,0.062,0.119,0.055,0.271,0.163
142,Pennsylvania,2017,0.055,0.05,0.07,0.118,0.06,0.152,0.126
143,Rhode Island,2017,0.046,0.036,0.068,0.0,0.069,0.141,0.118
144,South Carolina,2017,0.11,0.098,0.123,0.214,0.115,0.613,0.301
145,South Dakota,2017,0.091,0.064,0.118,0.331,0.091,0.157,0.164
146,Tennessee,2017,0.095,0.089,0.103,0.071,0.106,0.384,0.298
147,Texas,2017,0.173,0.17,0.15,0.235,0.111,0.531,0.269
148,Utah,2017,0.092,0.074,0.078,0.241,0.081,0.434,0.258
149,Vermont,2017,0.046,0.046,0.023,0.0,0.057,0.0,0.062
150,Virginia,2017,0.088,0.077,0.107,0.119,0.079,0.288,0.236
151,Washington,2017,0.061,0.05,0.072,0.112,0.042,0.359,0.168
152,West Virginia,2017,0.061,0.059,0.092,0.0,0.176,0.06,0.069
153,Wisconsin,2017,0.054,0.046,0.072,0.173,0.077,0.213,0.158
154,Wyoming,2017,0.123,0.117,0.226,0.317,0.072,0.151,0.252
155,Puerto Rico,2017,0.069,0.063,0.077,0.0,0.0,0.082,0.068
156,Alabama,2018,0.1,0.086,0.115,0.142,0.095,0.382,0.279
157,Alaska,2018,0.126,0.099,0.088,0.229,0.106,0.322,0.153
158,Arizona,2018,0.106,0.095,0.102,0.221,0.055,0.358,0.177
159,Arkansas,2018,0.082,0.075,0.082,0.131,0.097,0.44599999999999995,0.242
160,California,2018,0.072,0.068,0.06,0.11,0.043,0.21200000000000002,0.117
161,Colorado,2018,0.075,0.072,0.087,0.101,0.059,0.254,0.149
162,Connecticut,2018,0.053,0.039,0.068,0.078,0.062,0.209,0.131
163,Delaware,2018,0.057,0.056,0.046,0.113,0.064,0.195,0.177
164,District of Columbia,2018,0.032,0.014,0.045,0.0,0.022,0.078,0.053
165,Florida,2018,0.13,0.12,0.151,0.249,0.112,0.46399999999999997,0.19
166,Georgia,2018,0.137,0.126,0.136,0.208,0.107,0.702,0.332
167,Hawaii,2018,0.041,0.033,0.048,0.0,0.037,0.29100000000000004,0.072
168,Idaho,2018,0.111,0.105,0.086,0.172,0.096,0.237,0.226
169,Illinois,2018,0.07,0.058,0.083,0.125,0.069,0.325,0.154
170,Indiana,2018,0.083,0.076,0.104,0.168,0.094,0.21,0.2
171,Iowa,2018,0.047,0.041,0.121,0.126,0.073,0.26,0.13
172,Kansas,2018,0.088,0.079,0.125,0.168,0.062,0.3,0.221
173,Kentucky,2018,0.056,0.052,0.06,0.074,0.073,0.296,0.234
174,Louisiana,2018,0.08,0.072,0.08,0.132,0.106,0.377,0.277
175,Maine,2018,0.08,0.077,0.142,0.214,0.052,0.0,0.132
176,Maryland,2018,0.06,0.04,0.061,0.047,0.052,0.289,0.223
177,Massachusetts,2018,0.028,0.023,0.043,0.047,0.031,0.063,0.053
178,Michigan,2018,0.054,0.051,0.065,0.118,0.048,0.2,0.118
179,Minnesota,2018,0.044,0.036,0.065,0.18,0.047,0.238,0.171
180,Mississippi,2018,0.121,0.106,0.139,0.152,0.134,0.295,0.288
181,Missouri,2018,0.094,0.089,0.125,0.158,0.071,0.36400000000000005,0.208
182,Montana,2018,0.082,0.072,0.0,0.234,0.042,0.159,0.093
183,Nebraska,2018,0.083,0.073,0.142,0.232,0.107,0.194,0.203
184,Nevada,2018,0.112,0.094,0.11,0.232,0.084,0.28800000000000003,0.197
185,New Hampshire,2018,0.057,0.054,0.1,0.217,0.098,0.148,0.14
186,New Jersey,2018,0.074,0.059,0.087,0.18,0.053,0.226,0.173
187,New Mexico,2018,0.095,0.081,0.113,0.191,0.071,0.138,0.115
188,New York,2018,0.054,0.039,0.058,0.123,0.066,0.21700000000000003,0.106
189,North Carolina,2018,0.107,0.098,0.107,0.186,0.081,0.432,0.297
190,North Dakota,2018,0.073,0.055,0.194,0.247,0.076,0.209,0.132
191,Ohio,2018,0.065,0.059,0.085,0.104,0.071,0.579,0.153
192,Oklahoma,2018,0.142,0.119,0.149,0.273,0.117,0.613,0.252
193,Oregon,2018,0.071,0.063,0.085,0.121,0.063,0.353,0.162
194,Pennsylvania,2018,0.055,0.05,0.071,0.081,0.064,0.294,0.123
195,Rhode Island,2018,0.041,0.035,0.039,0.114,0.053,0.112,0.089
196,South Carolina,2018,0.105,0.093,0.116,0.228,0.109,0.329,0.276
197,South Dakota,2018,0.098,0.069,0.088,0.342,0.144,0.25,0.219
198,Tennessee,2018,0.101,0.092,0.122,0.182,0.11,0.477,0.296
199,Texas,2018,0.177,0.175,0.152,0.205,0.11,0.519,0.273
200,Utah,2018,0.094,0.075,0.174,0.276,0.092,0.45199999999999996,0.254
201,Vermont,2018,0.04,0.038,0.116,0.0,0.043,0.199,0.11
202,Virginia,2018,0.088,0.076,0.108,0.139,0.075,0.38399999999999995,0.238
203,Washington,2018,0.064,0.055,0.083,0.15,0.045,0.317,0.179
204,West Virginia,2018,0.064,0.063,0.095,0.084,0.092,0.084,0.114
205,Wisconsin,2018,0.055,0.046,0.078,0.186,0.071,0.33999999999999997,0.16
206,Wyoming,2018,0.105,0.096,0.1,0.289,0.064,0.279,0.159
207,Puerto Rico,2018,0.064,0.06,0.084,0.072,0.043,0.065,0.063
208,Alabama,2019,0.097,0.087,0.11,0.139,0.085,0.5960000000000001,0.25
209,Alaska,2019,0.122,0.092,0.061,0.215,0.122,0.294,0.157
210,Arizona,2019,0.113,0.102,0.11,0.238,0.08,0.341,0.186
211,Arkansas,2019,0.091,0.084,0.087,0.223,0.067,0.6990000000000001,0.261
212,California,2019,0.077,0.072,0.057,0.117,0.048,0.23299999999999998,0.127
213,Colorado,2019,0.08,0.074,0.092,0.13,0.078,0.32499999999999996,0.149
214,Connecticut,2019,0.059,0.047,0.066,0.095,0.061,0.183,0.135
215,Delaware,2019,0.066,0.057,0.076,0.0,0.042,0.239,0.154
216,District of Columbia,2019,0.035,0.024,0.045,0.0,0.028,0.065,0.07
217,Florida,2019,0.132,0.122,0.157,0.23,0.117,0.469,0.19
218,Georgia,2019,0.134,0.123,0.133,0.313,0.098,0.5760000000000001,0.323
219,Hawaii,2019,0.042,0.047,0.017,0.175,0.034,0.157,0.047
220,Idaho,2019,0.108,0.102,0.1,0.27,0.124,0.201,0.205
221,Illinois,2019,0.074,0.062,0.089,0.084,0.067,0.191,0.159
222,Indiana,2019,0.087,0.081,0.103,0.147,0.083,0.362,0.175
223,Iowa,2019,0.05,0.044,0.113,0.181,0.067,0.33299999999999996,0.139
224,Kansas,2019,0.092,0.08,0.132,0.198,0.08,0.306,0.233
225,Kentucky,2019,0.064,0.06,0.074,0.113,0.082,0.356,0.2
226,Louisiana,2019,0.089,0.079,0.089,0.074,0.184,0.404,0.275
227,Maine,2019,0.08,0.078,0.084,0.182,0.097,0.082,0.093
228,Maryland,2019,0.06,0.04,0.058,0.044,0.054,0.299,0.214
229,Massachusetts,2019,0.03,0.025,0.049,0.071,0.025,0.246,0.058
230,Michigan,2019,0.058,0.054,0.064,0.134,0.051,0.178,0.136
231,Minnesota,2019,0.049,0.039,0.094,0.141,0.052,0.229,0.166
232,Mississippi,2019,0.13,0.115,0.139,0.333,0.178,0.436,0.355
233,Missouri,2019,0.1,0.095,0.12,0.178,0.085,0.391,0.209
234,Montana,2019,0.083,0.069,0.084,0.278,0.098,0.174,0.077
235,Nebraska,2019,0.083,0.071,0.169,0.213,0.091,0.206,0.21
236,Nevada,2019,0.114,0.102,0.079,0.153,0.087,0.345,0.206
237,New Hampshire,2019,0.063,0.06,0.116,0.0,0.086,0.186,0.154
238,New Jersey,2019,0.079,0.065,0.094,0.185,0.053,0.236,0.186
239,New Mexico,2019,0.1,0.081,0.088,0.21,0.071,0.166,0.113
240,New York,2019,0.052,0.038,0.056,0.139,0.067,0.20800000000000002,0.101
241,North Carolina,2019,0.113,0.099,0.115,0.155,0.09,0.614,0.313
242,North Dakota,2019,0.069,0.05,0.247,0.209,0.098,0.248,0.131
243,Ohio,2019,0.066,0.061,0.081,0.072,0.068,0.364,0.16
244,Oklahoma,2019,0.143,0.124,0.134,0.253,0.111,0.533,0.268
245,Oregon,2019,0.072,0.067,0.078,0.15,0.048,0.269,0.166
246,Pennsylvania,2019,0.058,0.052,0.069,0.091,0.064,0.278,0.125
247,Rhode Island,2019,0.041,0.031,0.092,0.0,0.055,0.09,0.095
248,South Carolina,2019,0.108,0.094,0.119,0.108,0.091,0.907,0.305
249,South Dakota,2019,0.102,0.071,0.191,0.365,0.048,0.368,0.243
250,Tennessee,2019,0.101,0.094,0.108,0.158,0.094,0.498,0.342
251,Texas,2019,0.184,0.181,0.15,0.206,0.113,0.607,0.286
252,Utah,2019,0.097,0.082,0.187,0.288,0.093,0.492,0.234
253,Vermont,2019,0.045,0.042,0.171,0.282,0.039,0.0,0.113
254,Virginia,2019,0.079,0.068,0.084,0.092,0.071,0.449,0.247
255,Washington,2019,0.066,0.055,0.083,0.131,0.054,0.37,0.182
256,West Virginia,2019,0.067,0.067,0.074,0.055,0.12,0.065,0.127
257,Wisconsin,2019,0.057,0.049,0.084,0.162,0.075,0.323,0.193
258,Wyoming,2019,0.123,0.111,0.153,0.357,0.0,0.318,0.262
259,Puerto Rico,2019,0.078,0.072,0.088,0.0,0.336,0.094,0.077
260,Alabama,2020,0.095,0.082,0.109,0.147,0.108,0.46,0.267
261,Alaska,2020,0.126,0.093,0.096,0.237,0.135,0.265,0.145
262,Arizona,2020,0.106,0.089,0.096,0.218,0.066,0.316,0.174
263,Arkansas,2020,0.083,0.074,0.076,0.149,0.091,0.5349999999999999,0.245
264,California,2020,0.072,0.063,0.059,0.11,0.045,0.21300000000000002,0.118
265,Colorado,2020,0.078,0.069,0.087,0.135,0.07,0.28,0.154
266,Connecticut,2020,0.051,0.039,0.06,0.134,0.054,0.245,0.127
267,Delaware,2020,0.058,0.054,0.06,0.07,0.057,0.374,0.158
268,District of Columbia,2020,0.037,0.018,0.042,0.024,0.042,0.352,0.088
269,Florida,2020,0.127,0.115,0.149,0.223,0.114,0.446,0.186
270,Georgia,2020,0.13,0.115,0.133,0.286,0.111,0.575,0.312
271,Hawaii,2020,0.039,0.041,0.036,0.103,0.033,0.158,0.05
272,Idaho,2020,0.104,0.096,0.09,0.213,0.108,0.40900000000000003,0.201
273,Illinois,2020,0.068,0.054,0.078,0.101,0.066,0.28800000000000003,0.154
274,Indiana,2020,0.08,0.074,0.093,0.125,0.076,0.307,0.184
275,Iowa,2020,0.047,0.041,0.099,0.123,0.075,0.33799999999999997,0.133
276,Kansas,2020,0.087,0.076,0.125,0.154,0.083,0.44899999999999995,0.21
277,Kentucky,2020,0.056,0.052,0.063,0.1,0.079,0.472,0.206
278,Louisiana,2020,0.087,0.075,0.092,0.108,0.114,0.417,0.279
279,Maine,2020,0.076,0.074,0.1,0.183,0.098,0.318,0.115
280,Maryland,2020,0.059,0.041,0.058,0.067,0.054,0.408,0.214
281,Massachusetts,2020,0.027,0.022,0.043,0.045,0.029,0.16099999999999998,0.056
282,Michigan,2020,0.054,0.049,0.066,0.111,0.049,0.29400000000000004,0.116
283,Minnesota,2020,0.045,0.036,0.075,0.16,0.047,0.41200000000000003,0.171
284,Mississippi,2020,0.12,0.104,0.137,0.28,0.147,0.427,0.292
285,Missouri,2020,0.094,0.087,0.121,0.15,0.088,0.46699999999999997,0.198
286,Montana,2020,0.084,0.071,0.101,0.262,0.087,0.261,0.095
287,Nebraska,2020,0.081,0.069,0.143,0.23,0.08,0.559,0.215
288,Nevada,2020,0.112,0.094,0.097,0.179,0.082,0.315,0.199
289,New Hampshire,2020,0.06,0.057,0.118,0.197,0.087,0.16899999999999998,0.129
290,New Jersey,2020,0.076,0.059,0.086,0.153,0.058,0.328,0.182
291,New Mexico,2020,0.095,0.075,0.076,0.2,0.067,0.22299999999999998,0.108
292,New York,2020,0.054,0.039,0.061,0.116,0.066,0.223,0.103
293,North Carolina,2020,0.107,0.093,0.109,0.168,0.088,0.492,0.293
294,North Dakota,2020,0.072,0.054,0.187,0.246,0.085,0.398,0.158
295,Ohio,2020,0.062,0.057,0.078,0.079,0.063,0.33599999999999997,0.149
296,Oklahoma,2020,0.144,0.12,0.147,0.276,0.113,0.696,0.26
297,Oregon,2020,0.066,0.061,0.07,0.123,0.051,0.279,0.151
298,Pennsylvania,2020,0.056,0.05,0.072,0.123,0.067,0.32,0.124
299,Rhode Island,2020,0.043,0.033,0.074,0.074,0.055,0.178,0.096
300,South Carolina,2020,0.104,0.092,0.113,0.186,0.1,0.599,0.286
301,South Dakota,2020,0.096,0.067,0.149,0.332,0.091,0.47000000000000003,0.21
302,Tennessee,2020,0.097,0.088,0.112,0.178,0.101,0.49,0.306
303,Texas,2020,0.173,0.164,0.15,0.216,0.112,0.506,0.268
304,Utah,2020,0.09,0.073,0.12,0.252,0.101,0.45599999999999996,0.235
305,Vermont,2020,0.04,0.039,0.077,0.124,0.069,0.112,0.081
306,Virginia,2020,0.082,0.069,0.095,0.116,0.073,0.376,0.233
307,Washington,2020,0.062,0.051,0.076,0.136,0.048,0.332,0.164
308,West Virginia,2020,0.062,0.06,0.085,0.102,0.106,0.128,0.103
309,Wisconsin,2020,0.055,0.047,0.074,0.173,0.068,0.35,0.163
310,Wyoming,2020,0.114,0.105,0.181,0.328,0.097,0.498,0.2
311,Puerto Rico,2020,0.068,0.062,0.082,0.054,0.169,0.078,0.068
312,Alabama,2021,0.099,0.083,0.11,0.177,0.087,0.333,0.281
313,Alaska,2021,0.114,0.082,0.063,0.222,0.111,0.349,0.149
314,Arizona,2021,0.107,0.067,0.103,0.217,0.065,0.28500000000000003,0.178
315,Arkansas,2021,0.092,0.072,0.087,0.148,0.112,0.8779999999999999,0.265
316,California,2021,0.07,0.04,0.057,0.129,0.039,0.20900000000000002,0.117
317,Colorado,2021,0.08,0.054,0.083,0.141,0.071,0.299,0.165
318,Connecticut,2021,0.052,0.028,0.067,0.16,0.049,0.165,0.126
319,Delaware,2021,0.057,0.042,0.054,0.082,0.019,0.254,0.17
320,District of Columbia,2021,0.037,0.015,0.044,0.0,0.036,0.113,0.07
321,Florida,2021,0.121,0.094,0.139,0.266,0.093,0.34299999999999997,0.172
322,Georgia,2021,0.126,0.099,0.13,0.294,0.09,0.514,0.29
323,Hawaii,2021,0.039,0.041,0.045,0.124,0.031,0.167,0.055
324,Idaho,2021,0.088,0.068,0.156,0.23,0.092,0.224,0.198
325,Illinois,2021,0.07,0.045,0.079,0.174,0.064,0.317,0.158
326,Indiana,2021,0.075,0.066,0.093,0.188,0.085,0.2,0.15
327,Iowa,2021,0.048,0.039,0.068,0.132,0.073,0.359,0.145
328,Kansas,2021,0.092,0.069,0.141,0.26,0.082,0.611,0.203
329,Kentucky,2021,0.057,0.048,0.077,0.056,0.07,0.217,0.223
330,Louisiana,2021,0.076,0.059,0.074,0.246,0.097,0.373,0.263
331,Maine,2021,0.057,0.055,0.106,0.067,0.047,0.162,0.127
332,Maryland,2021,0.061,0.031,0.056,0.246,0.057,0.285,0.213
333,Massachusetts,2021,0.025,0.017,0.052,0.039,0.028,0.061,0.048
334,Michigan,2021,0.05,0.044,0.062,0.125,0.042,0.318,0.101
335,Minnesota,2021,0.045,0.034,0.062,0.174,0.044,0.183,0.153
336,Mississippi,2021,0.119,0.099,0.13,0.228,0.135,0.394,0.292
337,Missouri,2021,0.094,0.084,0.121,0.21,0.071,0.385,0.204
338,Montana,2021,0.082,0.07,0.121,0.254,0.089,0.131,0.113
339,Nebraska,2021,0.071,0.051,0.095,0.207,0.069,0.242,0.201
340,Nevada,2021,0.116,0.074,0.105,0.197,0.099,0.384,0.197
341,New Hampshire,2021,0.051,0.046,0.048,0.0,0.127,0.163,0.122
342,New Jersey,2021,0.072,0.035,0.076,0.235,0.048,0.23,0.173
343,New Mexico,2021,0.1,0.05,0.116,0.186,0.057,0.167,0.128
344,New York,2021,0.052,0.032,0.059,0.121,0.061,0.363,0.1
345,North Carolina,2021,0.104,0.077,0.107,0.196,0.069,0.372,0.288
346,North Dakota,2021,0.079,0.063,0.203,0.256,0.082,0.084,0.154
347,Ohio,2021,0.065,0.058,0.082,0.188,0.096,0.191,0.146
348,Oklahoma,2021,0.138,0.108,0.142,0.243,0.097,0.509,0.257
349,Oregon,2021,0.061,0.05,0.061,0.109,0.047,0.279,0.134
350,Pennsylvania,2021,0.055,0.046,0.061,0.139,0.068,0.258,0.126
351,Rhode Island,2021,0.043,0.029,0.071,0.111,0.058,0.103,0.093
352,South Carolina,2021,0.1,0.08,0.106,0.312,0.134,0.333,0.282
353,South Dakota,2021,0.095,0.064,0.178,0.35,0.052,0.221,0.138
354,Tennessee,2021,0.1,0.082,0.114,0.207,0.09,0.40399999999999997,0.304
355,Texas,2021,0.18,0.121,0.156,0.274,0.095,0.494,0.28
356,Utah,2021,0.09,0.066,0.127,0.258,0.075,0.39299999999999996,0.234
357,Vermont,2021,0.037,0.036,0.088,0.0,0.076,0.046,0.038
358,Virginia,2021,0.068,0.047,0.065,0.168,0.065,0.264,0.214
359,Washington,2021,0.064,0.045,0.076,0.161,0.05,0.284,0.167
360,West Virginia,2021,0.061,0.059,0.053,0.141,0.051,0.216,0.111
361,Wisconsin,2021,0.054,0.042,0.074,0.15,0.064,0.163,0.157
362,Wyoming,2021,0.122,0.101,0.181,0.301,0.17,0.313,0.244
363,Puerto Rico,2021,0.057,0.051,0.084,0.037,0.0,0.064,0.057
364,Alabama,2022,0.088,0.07,0.105,0.218,0.092,0.3,0.265
365,Alaska,2022,0.11,0.078,0.142,0.231,0.121,0.173,0.122
366,Arizona,2022,0.103,0.064,0.123,0.192,0.056,0.331,0.173
367,Arkansas,2022,0.084,0.064,0.081,0.184,0.082,0.581,0.244
368,California,2022,0.065,0.038,0.051,0.115,0.036,0.193,0.106
369,Colorado,2022,0.071,0.05,0.08,0.137,0.076,0.348,0.142
370,Connecticut,2022,0.052,0.03,0.064,0.161,0.057,0.158,0.118
371,Delaware,2022,0.056,0.032,0.06,0.222,0.056,0.23,0.188
372,District of Columbia,2022,0.029,0.015,0.039,0.0,0.006,0.078,0.056
373,Florida,2022,0.112,0.085,0.126,0.355,0.079,0.355,0.168
374,Georgia,2022,0.117,0.089,0.115,0.437,0.082,0.726,0.29
375,Hawaii,2022,0.035,0.035,0.01,0.051,0.027,0.149,0.051
376,Idaho,2022,0.082,0.068,0.068,0.197,0.052,0.231,0.183
377,Illinois,2022,0.066,0.041,0.067,0.164,0.074,0.178,0.151
378,Indiana,2022,0.07,0.06,0.084,0.143,0.1,0.297,0.15
379,Iowa,2022,0.045,0.038,0.068,0.108,0.031,0.349,0.123
380,Kansas,2022,0.086,0.067,0.105,0.293,0.063,0.877,0.201
381,Kentucky,2022,0.056,0.049,0.057,0.181,0.062,0.246,0.196
382,Louisiana,2022,0.069,0.054,0.064,0.243,0.082,0.35,0.258
383,Maine,2022,0.066,0.065,0.118,0.096,0.08,0.11,0.046
384,Maryland,2022,0.061,0.03,0.051,0.127,0.052,0.313,0.235
385,Massachusetts,2022,0.024,0.018,0.034,0.123,0.023,0.062,0.043
386,Michigan,2022,0.045,0.04,0.051,0.123,0.046,0.13,0.11
387,Minnesota,2022,0.045,0.032,0.07,0.141,0.057,0.395,0.163
388,Mississippi,2022,0.108,0.091,0.119,0.164,0.164,0.309,0.252
389,Missouri,2022,0.086,0.078,0.097,0.192,0.082,0.346,0.182
390,Montana,2022,0.083,0.07,0.159,0.246,0.069,0.093,0.104
391,Nebraska,2022,0.067,0.049,0.105,0.208,0.039,0.236,0.19
392,Nevada,2022,0.111,0.072,0.103,0.225,0.084,0.33299999999999996,0.196
393,New Hampshire,2022,0.049,0.042,0.101,0.0,0.067,0.212,0.148
394,New Jersey,2022,0.068,0.03,0.07,0.235,0.042,0.226,0.171
395,New Mexico,2022,0.082,0.053,0.044,0.13,0.062,0.147,0.099
396,New York,2022,0.049,0.031,0.05,0.132,0.051,0.304,0.096
397,North Carolina,2022,0.093,0.066,0.091,0.171,0.077,0.495,0.273
398,North Dakota,2022,0.064,0.043,0.222,0.195,0.072,0.192,0.154
399,Ohio,2022,0.059,0.051,0.074,0.168,0.066,0.278,0.147
400,Oklahoma,2022,0.117,0.088,0.109,0.202,0.106,0.514,0.242
401,Oregon,2022,0.06,0.046,0.061,0.139,0.045,0.33799999999999997,0.143
402,Pennsylvania,2022,0.053,0.045,0.058,0.135,0.063,0.33499999999999996,0.11
403,Rhode Island,2022,0.042,0.025,0.08,0.0,0.086,0.117,0.088
404,South Carolina,2022,0.091,0.072,0.097,0.11,0.08,0.317,0.259
405,South Dakota,2022,0.081,0.058,0.094,0.281,0.068,0.117,0.138
406,Tennessee,2022,0.093,0.077,0.093,0.22,0.092,0.597,0.299
407,Texas,2022,0.166,0.111,0.143,0.264,0.087,0.585,0.259
408,Utah,2022,0.081,0.056,0.121,0.22,0.095,0.44599999999999995,0.214
409,Vermont,2022,0.039,0.039,0.063,0.0,0.052,0.104,0.05
410,Virginia,2022,0.065,0.043,0.064,0.194,0.062,0.26,0.202
411,Washington,2022,0.061,0.043,0.075,0.163,0.05,0.28300000000000003,0.156
412,West Virginia,2022,0.059,0.057,0.074,0.258,0.076,0.202,0.126
413,Wisconsin,2022,0.052,0.039,0.065,0.143,0.063,0.212,0.176
414,Wyoming,2022,0.115,0.101,0.148,0.256,0.155,0.248,0.198
415,Puerto Rico,2022,0.051,0.042,0.062,0.0,0.248,0.056,0.05
416,Alabama,2023,0.085,0.066,0.103,0.197,0.091,0.309,0.257
417,Alaska,2023,0.104,0.073,0.158,0.2,0.111,0.257,0.135
418,Arizona,2023,0.099,0.063,0.106,0.181,0.064,0.379,0.169
419,Arkansas,2023,0.089,0.068,0.084,0.16,0.049,0.558,0.265
420,California,2023,0.064,0.037,0.054,0.115,0.038,0.22799999999999998,0.104
421,Colorado,2023,0.067,0.048,0.079,0.123,0.056,0.246,0.135
422,Connecticut,2023,0.057,0.031,0.066,0.185,0.04,0.202,0.142
423,Delaware,2023,0.065,0.04,0.069,0.381,0.035,0.292,0.214
424,District of Columbia,2023,0.027,0.009,0.033,0.0,0.015,0.11,0.067
425,Florida,2023,0.107,0.081,0.12,0.338,0.082,0.33999999999999997,0.156
426,Georgia,2023,0.114,0.086,0.105,0.386,0.085,0.5630000000000001,0.286
427,Hawaii,2023,0.032,0.037,0.047,0.0,0.022,0.186,0.049
428,Idaho,2023,0.089,0.072,0.047,0.24,0.093,0.34099999999999997,0.177
429,Illinois,2023,0.062,0.04,0.06,0.172,0.057,0.28099999999999997,0.141
430,Indiana,2023,0.069,0.058,0.088,0.112,0.073,0.181,0.143
431,Iowa,2023,0.05,0.038,0.099,0.174,0.05,0.225,0.176
432,Kansas,2023,0.084,0.063,0.109,0.168,0.104,0.439,0.201
433,Kentucky,2023,0.054,0.045,0.071,0.247,0.06,0.222,0.202
434,Louisiana,2023,0.069,0.049,0.063,0.264,0.102,0.329,0.251
435,Maine,2023,0.059,0.057,0.126,0.124,0.079,0.109,0.108
436,Maryland,2023,0.063,0.031,0.055,0.248,0.049,0.285,0.225
437,Massachusetts,2023,0.026,0.019,0.036,0.039,0.031,0.069,0.05
438,Michigan,2023,0.045,0.038,0.051,0.113,0.046,0.132,0.111
439,Minnesota,2023,0.042,0.03,0.072,0.169,0.039,0.438,0.149
440,Mississippi,2023,0.103,0.084,0.114,0.181,0.139,0.283,0.269
441,Missouri,2023,0.075,0.067,0.1,0.128,0.064,0.398,0.17
442,Montana,2023,0.084,0.071,0.144,0.225,0.133,0.18,0.124
443,Nebraska,2023,0.061,0.042,0.134,0.188,0.061,0.165,0.164
444,Nevada,2023,0.108,0.069,0.079,0.174,0.079,0.322,0.197
445,New Hampshire,2023,0.047,0.042,0.161,0.0,0.055,0.136,0.096
446,New Jersey,2023,0.072,0.033,0.069,0.349,0.041,0.375,0.181
447,New Mexico,2023,0.091,0.056,0.064,0.175,0.034,0.131,0.111
448,New York,2023,0.048,0.031,0.051,0.14,0.053,0.161,0.097
449,North Carolina,2023,0.092,0.065,0.088,0.157,0.057,0.448,0.269
450,North Dakota,2023,0.045,0.039,0.073,0.103,0.073,0.079,0.063
451,Ohio,2023,0.061,0.053,0.072,0.235,0.067,0.33,0.171
452,Oklahoma,2023,0.114,0.086,0.094,0.203,0.099,0.452,0.23
453,Oregon,2023,0.055,0.044,0.032,0.137,0.038,0.29500000000000004,0.126
454,Pennsylvania,2023,0.054,0.043,0.072,0.139,0.056,0.354,0.127
455,Rhode Island,2023,0.045,0.026,0.074,0.259,0.051,0.093,0.105
456,South Carolina,2023,0.091,0.072,0.095,0.26,0.092,0.31,0.261
457,South Dakota,2023,0.083,0.056,0.215,0.289,0.104,0.184,0.143
458,Tennessee,2023,0.093,0.073,0.099,0.255,0.086,0.342,0.291
459,Texas,2023,0.164,0.114,0.136,0.218,0.095,0.511,0.256
460,Utah,2023,0.08,0.056,0.118,0.136,0.058,0.452,0.212
461,Vermont,2023,0.034,0.031,0.06,0.0,0.073,0.074,0.056
462,Virginia,2023,0.064,0.043,0.062,0.219,0.049,0.251,0.203
463,Washington,2023,0.063,0.043,0.078,0.153,0.042,0.316,0.168
464,West Virginia,2023,0.059,0.058,0.099,0.0,0.073,0.079,0.067
465,Wisconsin,2023,0.049,0.038,0.065,0.113,0.051,0.167,0.147
466,Wyoming,2023,0.107,0.09,0.302,0.251,0.116,0.213,0.206
467,Puerto Rico,2023,0.053,0.041,0.069,0.058,0.139,0.057,0.052
